<?xml version="1.0" encoding="UTF-8"?>
<ExportObjectList version="1">
	<Object>
		<Name>Demo</Name>
		<ClassName>CmAcmSolutionFolder</ClassName>
		<Id>{502D2772-0000-C515-ACE7-FE87D8378FFD}</Id>
		<ObjectStoreId>{A8B16626-9C80-4643-B14D-EB6AC60657C3}</ObjectStoreId>
	</Object>
	<Object>
		<Name>Pages</Name>
		<ClassName>Folder</ClassName>
		<Id>{602D2772-0000-CD1B-80F9-43A45D3ABA90}</Id>
		<ObjectStoreId>{A8B16626-9C80-4643-B14D-EB6AC60657C3}</ObjectStoreId>
	</Object>
	<Object>
		<Name>Views</Name>
		<ClassName>Folder</ClassName>
		<Id>{202E2772-0000-C61A-B7E2-73C46C3FB875}</Id>
		<ObjectStoreId>{A8B16626-9C80-4643-B14D-EB6AC60657C3}</ObjectStoreId>
	</Object>
	<Object>
		<Name>nls</Name>
		<ClassName>Folder</ClassName>
		<Id>{F0352772-0000-C985-9BC6-82672FF68873}</Id>
		<ObjectStoreId>{A8B16626-9C80-4643-B14D-EB6AC60657C3}</ObjectStoreId>
	</Object>
	<Object>
		<Name>DM_Demo_CT</Name>
		<ClassName>Folder</ClassName>
		<Id>{202E2772-0000-C928-9D21-A0AE06912ED0}</Id>
		<ObjectStoreId>{A8B16626-9C80-4643-B14D-EB6AC60657C3}</ObjectStoreId>
	</Object>
	<Object>
		<Name>Demo_CT Workflow Definition</Name>
		<ClassName>WorkflowDefinition</ClassName>
		<Id>{502D2772-0400-C736-AA2F-AD6C61D03284}</Id>
		<ObjectStoreId>{A8B16626-9C80-4643-B14D-EB6AC60657C3}</ObjectStoreId>
	</Object>
	<Object>
		<Name>Resources.js</Name>
		<ClassName>Document</ClassName>
		<Id>{00C46472-0E00-C635-B360-C3559D4D368A}</Id>
		<ObjectStoreId>{A8B16626-9C80-4643-B14D-EB6AC60657C3}</ObjectStoreId>
	</Object>
	<Object>
		<Name>CmAcmCASES_DEFAULT_PAGE</Name>
		<ClassName>CmAcmPage</ClassName>
		<Id>{602D2772-0000-C7DE-B299-66D3B70CD7DB}</Id>
		<ObjectStoreId>{A8B16626-9C80-4643-B14D-EB6AC60657C3}</ObjectStoreId>
	</Object>
	<Object>
		<Name>DM_Demo_CT</Name>
		<ClassName>DynamicReferentialContainmentRelationship</ClassName>
		<Id>{502D2772-0000-C0F9-97AC-542D66BBCE45}</Id>
		<ObjectStoreId>{A8B16626-9C80-4643-B14D-EB6AC60657C3}</ObjectStoreId>
	</Object>
	<Object>
		<Name>Resources.js</Name>
		<ClassName>DynamicReferentialContainmentRelationship</ClassName>
		<Id>{F0352772-0000-C8AE-B361-F9A04CC1DD20}</Id>
		<ObjectStoreId>{A8B16626-9C80-4643-B14D-EB6AC60657C3}</ObjectStoreId>
	</Object>
	<Object>
		<Name>CmAcmCASES_DEFAULT_PAGE</Name>
		<ClassName>DynamicReferentialContainmentRelationship</ClassName>
		<Id>{602D2772-0100-C7BD-9DC5-0419036048D3}</Id>
		<ObjectStoreId>{A8B16626-9C80-4643-B14D-EB6AC60657C3}</ObjectStoreId>
	</Object>
	<Object>
		<Name>CmAcmCASE_DEFAULT_PAGE</Name>
		<ClassName>CmAcmPage</ClassName>
		<Id>{602D2772-0000-C63E-AA3A-578CC99D7698}</Id>
		<ObjectStoreId>{A8B16626-9C80-4643-B14D-EB6AC60657C3}</ObjectStoreId>
	</Object>
	<Object>
		<Name></Name>
		<ClassName>CmAcmDraftArea</ClassName>
		<Id>{502D2772-0100-C40E-8091-F74388C7388A}</Id>
		<ObjectStoreId>{A8B16626-9C80-4643-B14D-EB6AC60657C3}</ObjectStoreId>
	</Object>
	<Object>
		<Name>CmAcmCASE_DEFAULT_PAGE</Name>
		<ClassName>DynamicReferentialContainmentRelationship</ClassName>
		<Id>{602D2772-0100-C810-B0E9-6FC32404D586}</Id>
		<ObjectStoreId>{A8B16626-9C80-4643-B14D-EB6AC60657C3}</ObjectStoreId>
	</Object>
	<Object>
		<Name>Demo_View</Name>
		<ClassName>CmAcmView</ClassName>
		<Id>{202E2772-0000-C73E-A982-6F1E5888CFE9}</Id>
		<ObjectStoreId>{A8B16626-9C80-4643-B14D-EB6AC60657C3}</ObjectStoreId>
	</Object>
	<Object>
		<Name>DM_Demo_CT_Draft</Name>
		<ClassName>ReferentialContainmentRelationship</ClassName>
		<Id>{502D2772-0100-CC14-9B3A-66801163FAA9}</Id>
		<ObjectStoreId>{A8B16626-9C80-4643-B14D-EB6AC60657C3}</ObjectStoreId>
	</Object>
	<Object>
		<Name>CmAcmCASE_NEW_DEFAULT_PAGE</Name>
		<ClassName>CmAcmPage</ClassName>
		<Id>{602D2772-0000-C889-B70C-68B5E4839196}</Id>
		<ObjectStoreId>{A8B16626-9C80-4643-B14D-EB6AC60657C3}</ObjectStoreId>
	</Object>
	<Object>
		<Name>Demo_View</Name>
		<ClassName>DynamicReferentialContainmentRelationship</ClassName>
		<Id>{202E2772-0000-C24D-A96B-76CED4D7C984}</Id>
		<ObjectStoreId>{A8B16626-9C80-4643-B14D-EB6AC60657C3}</ObjectStoreId>
	</Object>
	<Object>
		<Name>PE Configuration</Name>
		<ClassName>Document</ClassName>
		<Id>{502D2772-0100-C201-8FCD-4C7E35B5A2F3}</Id>
		<ObjectStoreId>{A8B16626-9C80-4643-B14D-EB6AC60657C3}</ObjectStoreId>
	</Object>
	<Object>
		<Name>CmAcmCASE_NEW_DEFAULT_PAGE</Name>
		<ClassName>DynamicReferentialContainmentRelationship</ClassName>
		<Id>{602D2772-0100-C66C-B805-84F57323A105}</Id>
		<ObjectStoreId>{A8B16626-9C80-4643-B14D-EB6AC60657C3}</ObjectStoreId>
	</Object>
	<Object>
		<Name>PE Configuration</Name>
		<ClassName>DynamicReferentialContainmentRelationship</ClassName>
		<Id>{502D2772-0000-CDC3-A55C-B69830454792}</Id>
		<ObjectStoreId>{A8B16626-9C80-4643-B14D-EB6AC60657C3}</ObjectStoreId>
	</Object>
	<Object>
		<Name>CmAcmCASE_NEW_PAGE</Name>
		<ClassName>CmAcmPage</ClassName>
		<Id>{602D2772-0000-C16A-825F-D596D83E619D}</Id>
		<ObjectStoreId>{A8B16626-9C80-4643-B14D-EB6AC60657C3}</ObjectStoreId>
	</Object>
	<Object>
		<Name>Solution Definition</Name>
		<ClassName>Document</ClassName>
		<Id>{40662772-0000-C928-8C9D-28A177A3B596}</Id>
		<ObjectStoreId>{A8B16626-9C80-4643-B14D-EB6AC60657C3}</ObjectStoreId>
	</Object>
	<Object>
		<Name>CmAcmCASE_NEW_PAGE</Name>
		<ClassName>DynamicReferentialContainmentRelationship</ClassName>
		<Id>{602D2772-0100-C749-AEDE-CF3B7B20F524}</Id>
		<ObjectStoreId>{A8B16626-9C80-4643-B14D-EB6AC60657C3}</ObjectStoreId>
	</Object>
	<Object>
		<Name>Solution Definition</Name>
		<ClassName>DynamicReferentialContainmentRelationship</ClassName>
		<Id>{502D2772-0000-CFBB-80A8-D92210C0C8F9}</Id>
		<ObjectStoreId>{A8B16626-9C80-4643-B14D-EB6AC60657C3}</ObjectStoreId>
	</Object>
	<Object>
		<Name>CmAcmCASE_PAGE</Name>
		<ClassName>CmAcmPage</ClassName>
		<Id>{602D2772-0000-C32A-8FC1-4F9E16DB901E}</Id>
		<ObjectStoreId>{A8B16626-9C80-4643-B14D-EB6AC60657C3}</ObjectStoreId>
	</Object>
	<Object>
		<Name></Name>
		<ClassName>CmAcmSolutionLockControl</ClassName>
		<Id>{502D2772-0000-C950-9A70-F0BEE8C71C74}</Id>
		<ObjectStoreId>{A8B16626-9C80-4643-B14D-EB6AC60657C3}</ObjectStoreId>
	</Object>
	<Object>
		<Name>CmAcmCASE_PAGE</Name>
		<ClassName>DynamicReferentialContainmentRelationship</ClassName>
		<Id>{602D2772-0100-C20E-B3CC-B03D2C2BD5FF}</Id>
		<ObjectStoreId>{A8B16626-9C80-4643-B14D-EB6AC60657C3}</ObjectStoreId>
	</Object>
	<Object>
		<Name>Solution Locks</Name>
		<ClassName>ReferentialContainmentRelationship</ClassName>
		<Id>{502D2772-0000-CF6E-AC11-AC0FDFC5327E}</Id>
		<ObjectStoreId>{A8B16626-9C80-4643-B14D-EB6AC60657C3}</ObjectStoreId>
	</Object>
	<Object>
		<Name>CmAcmCASE_SPLIT_DEFAULT_PAGE</Name>
		<ClassName>CmAcmPage</ClassName>
		<Id>{602D2772-0000-CB9A-A1E5-1F3220CE1179}</Id>
		<ObjectStoreId>{A8B16626-9C80-4643-B14D-EB6AC60657C3}</ObjectStoreId>
	</Object>
	<Object>
		<Name>Solution Workflow Collection</Name>
		<ClassName>WorkflowDefinition</ClassName>
		<Id>{502D2772-0100-C8A7-9DE6-548B7F3F6907}</Id>
		<ObjectStoreId>{A8B16626-9C80-4643-B14D-EB6AC60657C3}</ObjectStoreId>
	</Object>
	<Object>
		<Name>CmAcmCASE_SPLIT_DEFAULT_PAGE</Name>
		<ClassName>DynamicReferentialContainmentRelationship</ClassName>
		<Id>{602D2772-0100-C67B-9C81-1FC988175CD7}</Id>
		<ObjectStoreId>{A8B16626-9C80-4643-B14D-EB6AC60657C3}</ObjectStoreId>
	</Object>
	<Object>
		<Name>Solution Workflow Collection</Name>
		<ClassName>DynamicReferentialContainmentRelationship</ClassName>
		<Id>{502D2772-0000-CCDD-9653-62FCF06590C9}</Id>
		<ObjectStoreId>{A8B16626-9C80-4643-B14D-EB6AC60657C3}</ObjectStoreId>
	</Object>
	<Object>
		<Name>CmAcmPROCESS_DEFAULT_PAGE</Name>
		<ClassName>CmAcmPage</ClassName>
		<Id>{602D2772-0000-C946-B4A0-C522FA5CEFAB}</Id>
		<ObjectStoreId>{A8B16626-9C80-4643-B14D-EB6AC60657C3}</ObjectStoreId>
	</Object>
	<Object>
		<Name></Name>
		<ClassName>CmAcmDraftArea</ClassName>
		<Id>{502D2772-0000-C59A-932B-1831EE6633D3}</Id>
		<ObjectStoreId>{A8B16626-9C80-4643-B14D-EB6AC60657C3}</ObjectStoreId>
	</Object>
	<Object>
		<Name>CmAcmPROCESS_DEFAULT_PAGE</Name>
		<ClassName>DynamicReferentialContainmentRelationship</ClassName>
		<Id>{602D2772-0100-CF29-BD25-D342E57EDC58}</Id>
		<ObjectStoreId>{A8B16626-9C80-4643-B14D-EB6AC60657C3}</ObjectStoreId>
	</Object>
	<Object>
		<Name>Solution Workflow Collection_Draft</Name>
		<ClassName>ReferentialContainmentRelationship</ClassName>
		<Id>{502D2772-0000-C6AE-9C57-9878E57C887A}</Id>
		<ObjectStoreId>{A8B16626-9C80-4643-B14D-EB6AC60657C3}</ObjectStoreId>
	</Object>
	<Object>
		<Name>CmAcmSTEP_ATTACHMENT_PAGE</Name>
		<ClassName>CmAcmPage</ClassName>
		<Id>{602D2772-0000-C5F0-9A48-65A57638B16E}</Id>
		<ObjectStoreId>{A8B16626-9C80-4643-B14D-EB6AC60657C3}</ObjectStoreId>
	</Object>
	<Object>
		<Name>CmAcmSTEP_ATTACHMENT_PAGE</Name>
		<ClassName>DynamicReferentialContainmentRelationship</ClassName>
		<Id>{602D2772-0100-C3D5-B0AC-8CD81321C713}</Id>
		<ObjectStoreId>{A8B16626-9C80-4643-B14D-EB6AC60657C3}</ObjectStoreId>
	</Object>
	<Object>
		<Name>CmAcmSTEP_DEFAULT_PAGE</Name>
		<ClassName>CmAcmPage</ClassName>
		<Id>{602D2772-0000-C6A4-9B73-2C8DDA957FA7}</Id>
		<ObjectStoreId>{A8B16626-9C80-4643-B14D-EB6AC60657C3}</ObjectStoreId>
	</Object>
	<Object>
		<Name>CmAcmSTEP_DEFAULT_PAGE</Name>
		<ClassName>DynamicReferentialContainmentRelationship</ClassName>
		<Id>{602D2772-0100-CF8E-A1E1-569E59A382C6}</Id>
		<ObjectStoreId>{A8B16626-9C80-4643-B14D-EB6AC60657C3}</ObjectStoreId>
	</Object>
	<Object>
		<Name>CmAcmSTEP_DYNAMIC_DEFAULT_PAGE</Name>
		<ClassName>CmAcmPage</ClassName>
		<Id>{602D2772-0000-CC7B-BAB5-5636374816C9}</Id>
		<ObjectStoreId>{A8B16626-9C80-4643-B14D-EB6AC60657C3}</ObjectStoreId>
	</Object>
	<Object>
		<Name>CmAcmSTEP_DYNAMIC_DEFAULT_PAGE</Name>
		<ClassName>DynamicReferentialContainmentRelationship</ClassName>
		<Id>{602D2772-0100-CA5A-B46E-5EB2568DBC70}</Id>
		<ObjectStoreId>{A8B16626-9C80-4643-B14D-EB6AC60657C3}</ObjectStoreId>
	</Object>
	<Object>
		<Name>CmAcmSTEP_LAUNCH_DEFAULT_PAGE</Name>
		<ClassName>CmAcmPage</ClassName>
		<Id>{602D2772-0000-C5C7-8D7A-A1F4FAFC415A}</Id>
		<ObjectStoreId>{A8B16626-9C80-4643-B14D-EB6AC60657C3}</ObjectStoreId>
	</Object>
	<Object>
		<Name>CmAcmSTEP_LAUNCH_DEFAULT_PAGE</Name>
		<ClassName>DynamicReferentialContainmentRelationship</ClassName>
		<Id>{602D2772-0100-CEAB-9F0A-60FC2F7B4855}</Id>
		<ObjectStoreId>{A8B16626-9C80-4643-B14D-EB6AC60657C3}</ObjectStoreId>
	</Object>
	<Object>
		<Name>CmAcmSTEP_LAUNCH_PAGE</Name>
		<ClassName>CmAcmPage</ClassName>
		<Id>{602D2772-0000-C6E9-A9B9-600FB8A8E0EF}</Id>
		<ObjectStoreId>{A8B16626-9C80-4643-B14D-EB6AC60657C3}</ObjectStoreId>
	</Object>
	<Object>
		<Name>CmAcmSTEP_LAUNCH_PAGE</Name>
		<ClassName>DynamicReferentialContainmentRelationship</ClassName>
		<Id>{602D2772-0100-C6CE-A2F7-1B0B741C7E81}</Id>
		<ObjectStoreId>{A8B16626-9C80-4643-B14D-EB6AC60657C3}</ObjectStoreId>
	</Object>
	<Object>
		<Name>CmAcmSTEP_PAGE</Name>
		<ClassName>CmAcmPage</ClassName>
		<Id>{602D2772-0000-C457-8B4F-BEDA18F90466}</Id>
		<ObjectStoreId>{A8B16626-9C80-4643-B14D-EB6AC60657C3}</ObjectStoreId>
	</Object>
	<Object>
		<Name>CmAcmSTEP_PAGE</Name>
		<ClassName>DynamicReferentialContainmentRelationship</ClassName>
		<Id>{602D2772-0100-CE34-A85E-8FD60DBBCDAF}</Id>
		<ObjectStoreId>{A8B16626-9C80-4643-B14D-EB6AC60657C3}</ObjectStoreId>
	</Object>
	<Object>
		<Name>CmAcmWORK_DEFAULT_PAGE</Name>
		<ClassName>CmAcmPage</ClassName>
		<Id>{E0C36472-0000-CA19-A3CC-2A082138979C}</Id>
		<ObjectStoreId>{A8B16626-9C80-4643-B14D-EB6AC60657C3}</ObjectStoreId>
	</Object>
	<Object>
		<Name>CmAcmWORK_DEFAULT_PAGE</Name>
		<ClassName>DynamicReferentialContainmentRelationship</ClassName>
		<Id>{602D2772-0100-C492-90D7-E9854AAFF5B9}</Id>
		<ObjectStoreId>{A8B16626-9C80-4643-B14D-EB6AC60657C3}</ObjectStoreId>
	</Object>
</ExportObjectList>
